Year,Month,Day,Sunspots_Mean
1749,1,27,96.7
1749,2,25,104.3
1749,3,27,116.7
1749,4,26,92.8
1749,5,27,141.7
1749,6,26,139.2
1749,7,27,158
1749,8,27,110.5
1749,9,26,126.5
1749,10,27,125.8
1749,11,26,264.3
1749,12,27,142
1750,1,27,122.2
1750,2,25,126.5
1750,3,27,148.7
1750,4,27,147.2
1750,5,27,150
1750,6,27,166.7
1750,7,27,142.3
1750,8,27,171.7
1750,9,27,152
1750,10,27,109.5
1750,11,27,105.5
1750,12,27,125.7
1751,1,27,116.7
1751,2,26,72.5
1751,3,27,75.5
1751,4,27,94
1751,5,27,101.2
1751,6,27,84.5
1751,7,27,110.5
1751,8,27,99.7
1751,9,27,39.2
1751,10,27,38.7
1751,11,27,47.5
1751,12,28,73.3
1752,1,27,58.3
1752,2,26,83.3
1752,3,27,118.3
1752,4,27,98.8
1752,5,27,99.5
1752,6,27,66
1752,7,27,130.7
1752,8,27,48.8
1752,9,27,45.2
1752,10,27,77.7
1752,11,26,62.7
1752,12,27,66.7
1753,1,27,73.3
1753,2,25,53.3
1753,3,27,76.2
1753,4,26,63.3
1753,5,27,60
1753,6,26,52.8
1753,7,27,36.7
1753,8,27,65
1753,9,26,46.7
1753,10,27,41.7
1753,11,26,33.3
1753,12,27,11.2
1754,1,27,0
1754,2,25,5
1754,3,27,2.8
1754,4,27,22.8
1754,5,27,34.5
1754,6,27,44.5
1754,7,27,31.3
1754,8,27,20.5
1754,9,27,13.7
1754,10,27,40.2
1754,11,27,22
1754,12,27,7
1755,1,27,17
1755,2,26,18.7
1755,3,27,11.3
1755,4,27,10.8
1755,5,27,0
1755,6,27,0
1755,7,27,14.3
1755,8,27,5.3
1755,9,27,29.7
1755,10,27,39.5
1755,11,27,11.3
1755,12,28,33.3
1756,1,27,20.8
1756,2,26,11.8
1756,3,27,9
1756,4,27,15.7
1756,5,27,20.8
1756,6,27,21.5
1756,7,27,6
1756,8,27,10.7
1756,9,27,19.7
1756,10,27,23.8
1756,11,26,28.3
1756,12,27,15.7
1757,1,27,23.5
1757,2,25,35.3
1757,3,27,43.7
1757,4,26,50
1757,5,27,63.5
1757,6,26,21.3
1757,7,27,41.7
1757,8,27,85.5
1757,9,26,66.2
1757,10,27,54.2
1757,11,26,107.8
1757,12,27,55.8
1758,1,27,62.7
1758,2,25,86.7
1758,3,27,81.7
1758,4,27,120.5
1758,5,27,77.3
1758,6,27,75
1758,7,27,73.3
1758,8,27,64.5
1758,9,27,104.2
1758,10,27,62.8
1758,11,27,71.7
1758,12,27,71.7
1759,1,27,80.5
1759,2,26,73.3
1759,3,27,78
1759,4,27,78.3
1759,5,27,81.7
1759,6,27,83.3
1759,7,27,85
1759,8,27,118.8
1759,9,27,128.7
1759,10,27,99.5
1759,11,27,77.2
1759,12,28,95
1760,1,27,112.2
1760,2,26,99.2
1760,3,27,124.5
1760,4,27,97.2
1760,5,27,120
1760,6,27,80.5
1760,7,27,110
1760,8,27,126
1760,9,27,102.2
1760,10,27,84.3
1760,11,26,99.5
1760,12,27,101.7
1761,1,27,116.7
1761,2,25,151.7
1761,3,27,134.5
1761,4,26,119.5
1761,5,27,178.7
1761,6,26,165.5
1761,7,27,156.8
1761,8,27,151.8
1761,9,26,167.8
1761,10,27,147.8
1761,11,26,149.5
1761,12,27,76.7
1762,1,27,73
1762,2,25,121.3
1762,3,27,76.2
1762,4,27,100.3
1762,5,27,66.5
1762,6,27,128.5
1762,7,27,56.3
1762,8,27,112.8
1762,9,27,114.2
1762,10,27,115.5
1762,11,27,129.7
1762,12,27,128.7
1763,1,27,94.2
1763,2,26,53.2
1763,3,27,57
1763,4,27,54.8
1763,5,27,54.5
1763,6,27,59.7
1763,7,27,90.3
1763,8,27,44.2
1763,9,27,113.5
1763,10,27,77.2
1763,11,27,101.5
1763,12,28,102.3
1764,1,27,99.5
1764,2,26,99.5
1764,3,27,67
1764,4,27,57.3
1764,5,27,73.8
1764,6,27,50
1764,7,27,50
1764,8,27,50
1764,9,27,47
1764,10,27,46.7
1764,11,26,43.3
1764,12,27,42.8
1765,1,27,40
1765,2,25,43.3
1765,3,27,41.7
1765,4,26,36.7
1765,5,27,33.7
1765,6,26,33.3
1765,7,27,45
1765,8,27,49.5
1765,9,26,26.7
1765,10,27,23.3
1765,11,26,23.3
1765,12,27,21.7
1766,1,27,20
1766,2,25,18.3
1766,3,27,61
1766,4,27,10
1766,5,27,44.7
1766,6,27,5
1766,7,27,5.5
1766,8,27,6.7
1766,9,27,7.2
1766,10,27,8.3
1766,11,27,9.5
1766,12,27,32
1767,1,27,45.7
1767,2,26,50
1767,3,27,71.7
1767,4,27,54.8
1767,5,27,49.7
1767,6,27,55.5
1767,7,27,36.5
1767,8,27,68
1767,9,27,71.2
1767,10,27,73.5
1767,11,27,91.2
1767,12,28,88.8
1768,1,27,89.2
1768,2,26,110.2
1768,3,27,77.2
1768,4,27,71.2
1768,5,27,129.5
1768,6,27,129
1768,7,27,87.7
1768,8,27,111.3
1768,9,27,124.7
1768,10,27,129.7
1768,11,26,151
1768,12,27,186.3
1769,1,27,123.2
1769,2,25,107
1769,3,27,107.2
1769,4,26,161.2
1769,5,27,122.7
1769,6,26,157.3
1769,7,27,197.7
1769,8,27,200.5
1769,9,26,248
1769,10,27,263.7
1769,11,26,246.8
1769,12,27,186.7
1770,1,27,173.3
1770,2,25,237.5
1770,3,27,133.5
1770,4,27,85
1770,5,27,116.8
1770,6,27,138.8
1770,7,27,183
1770,8,27,210.5
1770,9,27,174
1770,10,27,172.7
1770,11,27,220.3
1770,12,27,170.5
1771,1,27,60
1771,2,26,77
1771,3,27,77.8
1771,4,27,108.2
1771,5,27,254.5
1771,6,27,199.2
1771,7,27,112.8
1771,8,27,97.5
1771,9,27,169
1771,10,27,150
1771,11,27,166.2
1771,12,28,159.5
1772,1,27,168.2
1772,2,26,151.3
1772,3,27,51.8
1772,4,27,153.7
1772,5,27,63.3
1772,6,27,95
1772,7,27,128.8
1772,8,27,93.7
1772,9,27,84.2
1772,10,27,131
1772,11,26,102.2
1772,12,27,106.7
1773,1,27,91
1773,2,25,48.3
1773,3,27,85.3
1773,4,26,54.8
1773,5,27,68.5
1773,6,26,47.3
1773,7,27,46.2
1773,8,27,21.2
1773,9,26,48.8
1773,10,27,43.8
1773,11,26,68.2
1773,12,27,72
1774,1,27,78
1774,2,25,109
1774,3,27,92.8
1774,4,27,73
1774,5,27,85.5
1774,6,27,47.5
1774,7,27,29.2
1774,8,27,11
1774,9,27,13.2
1774,10,27,23.3
1774,11,27,29.5
1774,12,27,20.3
1775,1,27,7.3
1775,2,26,0
1775,3,27,19.3
1775,4,27,18.7
1775,5,27,6.5
1775,6,27,20.5
1775,7,27,1.7
1775,8,27,13.2
1775,9,27,5.3
1775,10,27,9.3
1775,11,27,25.2
1775,12,28,13.2
1776,1,27,36.2
1776,2,26,19.3
1776,3,27,10.5
1776,4,27,36.3
1776,5,27,18.7
1776,6,27,31.7
1776,7,27,1.7
1776,8,27,40.3
1776,9,27,26.7
1776,10,27,50
1776,11,26,58.3
1776,12,27,66.7
1777,1,27,75
1777,2,25,60.8
1777,3,27,65
1777,4,26,159.2
1777,5,27,133.8
1777,6,26,134.5
1777,7,27,158.3
1777,8,27,186.7
1777,9,26,193.7
1777,10,27,177.5
1777,11,26,243.3
1777,12,27,262.2
1778,1,27,295.5
1778,2,25,182.2
1778,3,27,223.3
1778,4,27,241.7
1778,5,27,398.2
1778,6,27,286
1778,7,27,255
1778,8,27,233.3
1778,9,27,286.2
1778,10,27,260.5
1778,11,27,250.5
1778,12,27,175
1779,1,27,191.2
1779,2,26,276.2
1779,3,27,196.7
1779,4,27,241.7
1779,5,27,233.3
1779,6,27,189.5
1779,7,27,238.3
1779,8,27,186.7
1779,9,27,185
1779,10,27,206.7
1779,11,27,190
1779,12,28,183.3
1780,1,27,116.7
1780,2,26,163.3
1780,3,27,163.3
1780,4,27,158.3
1780,5,27,178.7
1780,6,27,146.7
1780,7,27,143.3
1780,8,27,143.3
1780,9,27,156.2
1780,10,27,128.3
1780,11,26,100
1780,12,27,97.8
1781,1,27,164.5
1781,2,25,124.5
1781,3,27,88.3
1781,4,26,113.8
1781,5,27,174.5
1781,6,26,162.8
1781,7,27,122.5
1781,8,27,110
1781,9,26,85
1781,10,27,45.5
1781,11,26,111.7
1781,12,27,58.7
1782,1,27,90
1782,2,25,62.5
1782,3,27,61.7
1782,4,27,68.3
1782,5,27,90.5
1782,6,27,63.3
1782,7,27,61.7
1782,8,27,73.3
1782,9,27,56.7
1782,10,27,38.7
1782,11,27,52.5
1782,12,27,50
1783,1,27,46.7
1783,2,26,64.5
1783,3,27,44.5
1783,4,27,47.2
1783,5,27,38.3
1783,6,27,42
1783,7,27,53.7
1783,8,27,33.3
1783,9,27,30
1783,10,27,13.3
1783,11,27,25
1783,12,28,17.5
1784,1,27,21.7
1784,2,26,13.3
1784,3,27,18.3
1784,4,27,16.7
1784,5,27,10
1784,6,27,15
1784,7,27,10
1784,8,27,16.7
1784,9,27,16.7
1784,10,27,13.3
1784,11,26,28.3
1784,12,27,23.3
1785,1,27,10.8
1785,2,25,13.3
1785,3,27,15
1785,4,26,26.2
1785,5,27,34.5
1785,6,26,43.8
1785,7,27,60.5
1785,8,27,33.3
1785,9,26,53.3
1785,10,27,78.7
1785,11,26,67
1785,12,27,45.5
1786,1,27,62
1786,2,25,79.3
1786,3,27,79.5
1786,4,27,142.3
1786,5,27,153.8
1786,6,27,98.3
1786,7,27,138.3
1786,8,27,149.5
1786,9,27,185.8
1786,10,27,187.2
1786,11,27,193.3
1786,12,27,187.8
1787,1,27,224.5
1787,2,26,176.7
1787,3,27,145.7
1787,4,27,212
1787,5,27,224.7
1787,6,27,165.3
1787,7,27,213.3
1787,8,27,228.7
1787,9,27,262.2
1787,10,27,261.7
1787,11,27,235.8
1787,12,28,290
1788,1,27,230
1788,2,26,215.3
1788,3,27,238.8
1788,4,27,180.8
1788,5,27,188.3
1788,6,27,257
1788,7,27,235.8
1788,8,27,226.7
1788,9,27,235
1788,10,27,236.7
1788,11,26,157.8
1788,12,27,215.8
1789,1,27,190
1789,2,25,208.8
1789,3,27,200
1789,4,26,205.5
1789,5,27,205.8
1789,6,26,200
1789,7,27,195
1789,8,27,171.7
1789,9,26,186.7
1789,10,27,149.5
1789,11,26,223.3
1789,12,27,225.8
1790,1,27,171.7
1790,2,25,212.5
1790,3,27,160.5
1790,4,27,156.7
1790,5,27,155
1790,6,27,151.7
1790,7,27,115.5
1790,8,27,145
1790,9,27,128.8
1790,10,27,140.5
1790,11,27,136.7
1790,12,27,123.3
1791,1,27,121.2
1791,2,26,103.3
1791,3,27,123.3
1791,4,27,128.7
1791,5,27,122.8
1791,6,27,107
1791,7,27,118.3
1791,8,27,71.7
1791,9,27,110.8
1791,10,27,102.8
1791,11,27,111.7
1791,12,28,110
1792,1,27,96.7
1792,2,26,106.7
1792,3,27,105
1792,4,27,126.2
1792,5,27,103.3
1792,6,27,101.7
1792,7,27,76.3
1792,8,27,100
1792,9,27,98.3
1792,10,27,98.3
1792,11,26,95
1792,12,27,93.3
1793,1,27,93.3
1793,2,25,91.7
1793,3,27,92.5
1793,4,26,88.3
1793,5,27,87.2
1793,6,26,85
1793,7,27,83.3
1793,8,27,48.8
1793,9,26,40
1793,10,27,78.3
1793,11,26,73.3
1793,12,27,76.2
1794,1,27,75
1794,2,25,73.3
1794,3,27,63.3
1794,4,27,47.3
1794,5,27,92.8
1794,6,27,69.2
1794,7,27,68.3
1794,8,27,66.7
1794,9,27,18.5
1794,10,27,47.5
1794,11,27,112.3
1794,12,27,85.7
1795,1,27,35.7
1795,2,26,66.5
1795,3,27,21
1795,4,27,31
1795,5,27,51.7
1795,6,27,28.5
1795,7,27,21.5
1795,8,27,42.8
1795,9,27,22.5
1795,10,27,32.5
1795,11,27,41.7
1795,12,28,30
1796,1,27,36.7
1796,2,26,39.7
1796,3,27,26.2
1796,4,27,52.8
1796,5,27,35
1796,6,27,11.2
1796,7,27,44.8
1796,8,27,2.5
1796,9,27,30.7
1796,10,27,18.3
1796,11,26,14
1796,12,27,8.5
1797,1,27,24
1797,2,25,7
1797,3,27,6.7
1797,4,26,6.7
1797,5,27,12.2
1797,6,26,18.5
1797,7,27,7.2
1797,8,27,10
1797,9,26,9.5
1797,10,27,11.5
1797,11,26,9.7
1797,12,27,5
1798,1,27,3.3
1798,2,25,6.7
1798,3,27,20.7
1798,4,27,1.8
1798,5,27,0
1798,6,27,0
1798,7,27,0
1798,8,27,5
1798,9,27,4
1798,10,27,2.5
1798,11,27,20.8
1798,12,27,16.5
1799,1,27,2.7
1799,2,26,21
1799,3,27,36.2
1799,4,27,14
1799,5,27,13.7
1799,6,27,17.7
1799,7,27,3.5
1799,8,27,0
1799,9,27,0
1799,10,27,7.7
1799,11,27,4.5
1799,12,28,14.3
1800,1,27,11.5
1800,2,26,15.5
1800,3,28,23.2
1800,4,27,0
1800,5,28,8.3
1800,6,27,39.5
1800,7,28,35
1800,8,28,32.5
1800,9,27,19.2
1800,10,28,20.5
1800,11,27,17.5
1800,12,28,66.8
1801,1,28,45
1801,2,26,48.3
1801,3,28,50
1801,4,27,51.7
1801,5,28,53.3
1801,6,27,52
1801,7,28,58.3
1801,8,28,64.5
1801,9,27,55.8
1801,10,28,54.3
1801,11,27,66.3
1801,12,28,80.3
1802,1,28,79.7
1802,2,26,78.3
1802,3,28,68
1802,4,28,70
1802,5,28,73.3
1802,6,28,76.7
1802,7,28,80
1802,8,28,83.3
1802,9,28,86.3
1802,10,28,64.2
1802,11,28,57.5
1802,12,28,83.3
1803,1,28,83.3
1803,2,27,84.7
1803,3,28,49.2
1803,4,28,41.7
1803,5,28,73.8
1803,6,28,60
1803,7,28,80.5
1803,8,28,56.8
1803,9,28,75.5
1803,10,28,90.5
1803,11,28,85
1803,12,29,80
1804,1,28,75.5
1804,2,27,80.5
1804,3,28,80
1804,4,28,84.3
1804,5,28,55.7
1804,6,28,58
1804,7,28,49.7
1804,8,28,71.8
1804,9,28,88.3
1804,10,28,103.8
1804,11,27,101.7
1804,12,28,100
1805,1,28,101.7
1805,2,26,73.5
1805,3,28,85.7
1805,4,27,62.5
1805,5,28,65
1805,6,27,67.5
1805,7,28,62.7
1805,8,28,71.2
1805,9,27,74
1805,10,28,49
1805,11,27,68.3
1805,12,28,63.8
1806,1,28,65
1806,2,26,49.3
1806,3,28,54.5
1806,4,28,46.2
1806,5,28,44
1806,6,28,42.7
1806,7,28,50
1806,8,28,43.8
1806,9,28,40
1806,10,28,45
1806,11,28,41.7
1806,12,28,40
1807,1,28,20
1807,2,27,20.3
1807,3,28,16
1807,4,28,39.7
1807,5,28,16.7
1807,6,28,20
1807,7,28,21.2
1807,8,28,20
1807,9,28,9.5
1807,10,28,13.3
1807,11,28,4.3
1807,12,29,0
1808,1,28,0
1808,2,27,7.5
1808,3,28,0
1808,4,28,20.5
1808,5,28,22.5
1808,6,28,22.5
1808,7,28,11.2
1808,8,28,13.3
1808,9,28,19.5
1808,10,28,7.8
1808,11,27,17.5
1808,12,28,20.5
1809,1,28,12
1809,2,26,15.3
1809,3,28,1.5
1809,4,27,4.2
1809,5,28,3.3
1809,6,27,12.8
1809,7,28,0.5
1809,8,28,0.3
1809,9,27,0.7
1809,10,28,0
1809,11,27,0
1809,12,28,0
1810,1,28,0
1810,2,26,0
1810,3,28,0
1810,4,28,0
1810,5,28,0
1810,6,28,0
1810,7,28,0
1810,8,28,0
1810,9,28,0
1810,10,28,0
1810,11,28,0
1810,12,28,0
1811,1,28,0
1811,2,27,0
1811,3,28,0
1811,4,28,0
1811,5,28,0
1811,6,28,0
1811,7,28,11
1811,8,28,0
1811,9,28,4
1811,10,28,10.2
1811,11,28,1.3
1811,12,29,1.8
1812,1,28,18.8
1812,2,27,3.2
1812,3,28,1.2
1812,4,28,0
1812,5,28,1.7
1812,6,28,2.2
1812,7,28,0.8
1812,8,28,26
1812,9,28,8.7
1812,10,28,6.5
1812,11,27,13.2
1812,12,28,16.8
1813,1,28,0
1813,2,26,17.2
1813,3,28,3.2
1813,4,27,27.7
1813,5,28,9.2
1813,6,27,18.7
1813,7,28,30.5
1813,8,28,14
1813,9,27,25.5
1813,10,28,46.3
1813,11,27,27.8
1813,12,28,23.8
1814,1,28,37
1814,2,26,20
1814,3,28,9.5
1814,4,28,39.7
1814,5,28,9.7
1814,6,28,24.8
1814,7,28,30.8
1814,8,28,3.8
1814,9,28,13.5
1814,10,28,32.2
1814,11,28,24.2
1814,12,28,33.5
1815,1,28,32
1815,2,27,53.7
1815,3,28,43.7
1815,4,28,52.7
1815,5,28,16.3
1815,6,28,93.2
1815,7,28,59.2
1815,8,28,78.7
1815,9,28,52.5
1815,10,28,55.8
1815,11,28,62
1815,12,29,108.3
1816,1,28,43.8
1816,2,27,114.7
1816,3,28,122.8
1816,4,28,98
1816,5,28,73.8
1816,6,28,72.7
1816,7,28,64.7
1816,8,28,38.7
1816,9,28,79.7
1816,10,28,94
1816,11,27,63.5
1816,12,28,49.8
1817,1,28,60.7
1817,2,26,96.5
1817,3,28,160.3
1817,4,27,44
1817,5,28,35.3
1817,6,27,66.7
1817,7,28,83.3
1817,8,28,75
1817,9,27,61.2
1817,10,28,42.7
1817,11,27,48.2
1817,12,28,47.3
1818,1,28,58.1
1818,2,26,37.4
1818,3,28,42.4
1818,4,28,57.5
1818,5,28,88.5
1818,6,28,60.8
1818,7,28,46.8
1818,8,28,52.6
1818,9,28,43.4
1818,10,28,52.8
1818,11,28,18.3
1818,12,28,43
1819,1,28,54.7
1819,2,27,34.6
1819,3,28,6.3
1819,4,28,33.7
1819,5,28,32.6
1819,6,28,58.3
1819,7,28,52.5
1819,8,28,43.5
1819,9,28,24.8
1819,10,28,45.9
1819,11,28,41.8
1819,12,29,50.9
1820,1,28,32
1820,2,27,44.4
1820,3,28,7.5
1820,4,28,32.3
1820,5,28,48.9
1820,6,28,17.9
1820,7,28,34.1
1820,8,28,43.1
1820,9,28,8.6
1820,10,28,14.9
1820,11,27,13.2
1820,12,28,15.1
1821,1,28,36
1821,2,26,7
1821,3,28,9.5
1821,4,27,15.2
1821,5,28,2.8
1821,6,27,3
1821,7,28,4.3
1821,8,28,8
1821,9,27,7.3
1821,10,28,31.4
1821,11,27,7.3
1821,12,28,0.4
1822,1,28,0
1822,2,26,1.5
1822,3,28,26.9
1822,4,28,21.7
1822,5,28,2.4
1822,6,28,9.3
1822,7,28,13.2
1822,8,28,3.4
1822,9,28,0
1822,10,28,0.6
1822,11,28,0
1822,12,28,0
1823,1,28,0
1823,2,27,0
1823,3,28,1
1823,4,28,0
1823,5,28,0
1823,6,28,0
1823,7,28,0.8
1823,8,28,0
1823,9,28,0
1823,10,28,0
1823,11,28,0
1823,12,29,34
1824,1,28,36
1824,2,27,18
1824,3,28,0
1824,4,28,32.3
1824,5,28,4.6
1824,6,28,0
1824,7,28,0
1824,8,28,2.3
1824,9,28,34.3
1824,10,28,42
1824,11,27,0
1824,12,28,1.4
1825,1,28,8.4
1825,2,26,25.9
1825,3,28,37.4
1825,4,27,6.2
1825,5,28,25.8
1825,6,27,25.6
1825,7,28,51.5
1825,8,28,42.8
1825,9,27,26.2
1825,10,28,26
1825,11,27,19.6
1825,12,28,36.7
1826,1,28,29.4
1826,2,26,30.2
1826,3,28,61.3
1826,4,28,40
1826,5,28,53.9
1826,6,28,61.7
1826,7,28,87.5
1826,8,28,66
1826,9,28,31.6
1826,10,28,84.4
1826,11,28,65.8
1826,12,28,113.6
1827,1,28,57.7
1827,2,27,79
1827,3,28,96.3
1827,4,28,76.7
1827,5,28,93.8
1827,6,28,94.4
1827,7,28,70.4
1827,8,28,89.4
1827,9,28,82.6
1827,10,28,93.5
1827,11,28,80.4
1827,12,29,76.8
1828,1,28,88
1828,2,27,107.3
1828,3,28,108.5
1828,4,28,101.9
1828,5,28,148.6
1828,6,28,163.4
1828,7,28,90.4
1828,8,28,127.3
1828,9,28,83.9
1828,10,28,91.1
1828,11,27,95
1828,12,28,78.1
1829,1,28,71.6
1829,2,26,82.3
1829,3,28,120.6
1829,4,27,158.4
1829,5,28,112.3
1829,6,27,123.2
1829,7,28,151.5
1829,8,28,129.3
1829,9,27,88
1829,10,28,95.3
1829,11,27,112.7
1829,12,28,94.1
1830,1,28,87
1830,2,26,120.1
1830,3,28,141
1830,4,28,177.3
1830,5,28,110.5
1830,6,28,108.4
1830,7,28,73.2
1830,8,28,84.6
1830,9,28,103.4
1830,10,28,140.6
1830,11,28,135.4
1830,12,28,136.8
1831,1,28,79
1831,2,27,83.6
1831,3,28,155.8
1831,4,28,90.9
1831,5,28,63.4
1831,6,28,55.6
1831,7,28,75.4
1831,8,28,91.6
1831,9,28,63.2
1831,10,28,77.1
1831,11,28,72.5
1831,12,29,48.3
1832,1,28,51.5
1832,2,27,92.6
1832,3,28,91.9
1832,4,28,44.8
1832,5,28,68.9
1832,6,28,44.5
1832,7,28,23.3
1832,8,28,14.8
1832,9,28,13.7
1832,10,28,35.2
1832,11,27,23.8
1832,12,28,45.8
1833,1,28,18.7
1833,2,26,24.9
1833,3,28,19.6
1833,4,27,4.6
1833,5,28,21.5
1833,6,27,1.7
1833,7,28,11.6
1833,8,28,9.5
1833,9,27,19.3
1833,10,28,12.5
1833,11,27,9.8
1833,12,28,16.6
1834,1,28,8.2
1834,2,26,30.1
1834,3,28,6.5
1834,4,28,2.4
1834,5,28,14.8
1834,6,28,13.1
1834,7,28,14.4
1834,8,28,6.6
1834,9,28,19.2
1834,10,28,41.3
1834,11,28,50.9
1834,12,28,57.5
1835,1,28,12.4
1835,2,27,40.7
1835,3,28,32.7
1835,4,28,102.4
1835,5,28,72.6
1835,6,28,55.2
1835,7,28,99.6
1835,8,28,98.5
1835,9,28,168
1835,10,28,158.6
1835,11,28,166.7
1835,12,29,129.3
1836,1,28,147.6
1836,2,27,179.4
1836,3,28,163.7
1836,4,28,238
1836,5,28,185.7
1836,6,28,207.9
1836,7,28,194.6
1836,8,28,179.6
1836,9,28,158.5
1836,10,28,228.9
1836,11,27,201.5
1836,12,28,343.8
1837,1,28,313.4
1837,2,26,292.6
1837,3,28,224.3
1837,4,27,230.3
1837,5,28,186.1
1837,6,27,263.4
1837,7,28,271.2
1837,8,28,223.5
1837,9,27,160.4
1837,10,28,206.2
1837,11,27,178.4
1837,12,28,216.1
1838,1,28,241.5
1838,2,26,141.3
1838,3,28,234.5
1838,4,28,211.1
1838,5,28,229.4
1838,6,28,157.6
1838,7,28,180.4
1838,8,28,131.3
1838,9,28,122.7
1838,10,28,151.5
1838,11,28,129.2
1838,12,28,132.9
1839,1,28,175.9
1839,2,27,170.8
1839,3,28,129.5
1839,4,28,102.9
1839,5,28,89.6
1839,6,28,91.2
1839,7,28,141.3
1839,8,28,218.8
1839,9,28,221.1
1839,10,28,151.5
1839,11,28,114.7
1839,12,29,106.2
1840,1,28,135.4
1840,2,27,146.1
1840,3,28,112.9
1840,4,28,109.8
1840,5,28,115.4
1840,6,28,80.9
1840,7,28,101
1840,8,28,96.4
1840,9,28,123.3
1840,10,28,91.7
1840,11,27,90.4
1840,12,28,89.5
1841,1,28,40.1
1841,2,26,49.9
1841,3,28,49.6
1841,4,27,66.9
1841,5,28,112.4
1841,6,27,92.8
1841,7,28,51.4
1841,8,28,65.4
1841,9,27,60.9
1841,10,28,47.4
1841,11,27,32.9
1841,12,28,64.8
1842,1,28,34
1842,2,26,36.8
1842,3,28,36.2
1842,4,28,44.9
1842,5,28,41.4
1842,6,28,34.2
1842,7,28,21
1842,8,28,44.4
1842,9,28,30.6
1842,10,28,63.5
1842,11,28,67.5
1842,12,28,29.3
1843,1,28,22.2
1843,2,27,5.9
1843,3,28,13.9
1843,4,28,15.8
1843,5,28,35.1
1843,6,28,17.6
1843,7,28,15.9
1843,8,28,19.6
1843,9,28,6.9
1843,10,28,8.9
1843,11,28,31.7
1843,12,29,21.2
1844,1,28,15.7
1844,2,27,24.5
1844,3,28,22.5
1844,4,28,34.6
1844,5,28,19.2
1844,6,28,6.2
1844,7,28,35.2
1844,8,28,39.7
1844,9,28,11.6
1844,10,28,35.9
1844,11,27,17.9
1844,12,28,36
1845,1,28,42.8
1845,2,26,72.8
1845,3,28,72.1
1845,4,27,95
1845,5,28,79.7
1845,6,27,51.8
1845,7,28,51
1845,8,28,53.9
1845,9,27,49.3
1845,10,28,67.8
1845,11,27,65.7
1845,12,28,99.5
1846,1,28,64.6
1846,2,26,84.9
1846,3,28,106.5
1846,4,28,115.5
1846,5,28,99.9
1846,6,28,108.4
1846,7,28,77.5
1846,8,28,91.3
1846,9,28,178.6
1846,10,28,93.4
1846,11,28,100.6
1846,12,28,109.1
1847,1,28,104.4
1847,2,27,74.9
1847,3,28,143
1847,4,28,74.6
1847,5,28,125.7
1847,6,28,142.2
1847,7,28,87.1
1847,8,28,234.3
1847,9,28,268.2
1847,10,28,300.6
1847,11,28,231.5
1847,12,29,182.6
1848,1,28,265.2
1848,2,27,186.4
1848,3,28,181.2
1848,4,28,178.6
1848,5,28,170.5
1848,6,28,214.9
1848,7,28,232
1848,8,28,220.9
1848,9,28,167.3
1848,10,28,220.6
1848,11,27,191
1848,12,28,265.8
1849,1,28,298.3
1849,2,26,250.3
1849,3,28,182.7
1849,4,27,194.7
1849,5,28,153.2
1849,6,27,154.2
1849,7,28,148.2
1849,8,28,128.6
1849,9,27,178
1849,10,28,135.7
1849,11,27,188.2
1849,12,28,184.3
1850,1,28,148.2
1850,2,26,169.8
1850,3,28,156.8
1850,4,28,83.8
1850,5,28,117
1850,6,28,133
1850,7,28,74.3
1850,8,28,117
1850,9,28,163.7
1850,10,28,134.9
1850,11,28,104.1
1850,12,28,115.9
1851,1,28,143.5
1851,2,27,200.1
1851,3,28,122.8
1851,4,28,107.3
1851,5,28,118.9
1851,6,28,120
1851,7,28,68.6
1851,8,28,109
1851,9,28,128.9
1851,10,28,118.7
1851,11,28,96.8
1851,12,29,135.5
1852,1,28,129.9
1852,2,27,126.2
1852,3,28,116.2
1852,4,28,124.3
1852,5,28,104.3
1852,6,28,89
1852,7,28,80
1852,8,28,75.3
1852,9,28,71.2
1852,10,28,127.9
1852,11,27,103.1
1852,12,28,86.1
1853,1,28,77.9
1853,2,26,81.5
1853,3,28,71.6
1853,4,27,90.4
1853,5,28,65.9
1853,6,27,76
1853,7,28,87.2
1853,8,28,95.8
1853,9,27,63.7
1853,10,28,80.5
1853,11,27,54.7
1853,12,28,44.5
1854,1,28,29.3
1854,2,26,38
1854,3,28,39.4
1854,4,28,50.3
1854,5,28,45.6
1854,6,28,40.1
1854,7,28,35.5
1854,8,28,30.1
1854,9,28,42.6
1854,10,28,24.1
1854,11,28,53.5
1854,12,28,41.1
1855,1,28,23.4
1855,2,27,21.6
1855,3,28,33
1855,4,28,8.4
1855,5,28,17.3
1855,6,28,10
1855,7,28,0.7
1855,8,28,5.9
1855,9,28,0
1855,10,28,18.3
1855,11,28,7.9
1855,12,29,5.8
1856,1,28,1
1856,2,27,9.3
1856,3,28,0.7
1856,4,28,12.4
1856,5,28,0
1856,6,28,9.8
1856,7,28,8.8
1856,8,28,11.3
1856,9,28,8.4
1856,10,28,8.5
1856,11,27,14.7
1856,12,28,13.7
1857,1,28,26
1857,2,26,14.2
1857,3,28,10
1857,4,27,21.1
1857,5,28,54.2
1857,6,27,30.5
1857,7,28,42.2
1857,8,28,32
1857,9,27,80.6
1857,10,28,77.1
1857,11,27,59.6
1857,12,28,70.7
1858,1,28,74.2
1858,2,26,66.3
1858,3,28,109.2
1858,4,28,72.8
1858,5,28,78.6
1858,6,28,84.5
1858,7,28,107.7
1858,8,28,104.9
1858,9,28,152.2
1858,10,28,173.2
1858,11,28,98.6
1858,12,28,127
1859,1,28,159
1859,2,27,166.4
1859,3,28,171.5
1859,4,28,162.9
1859,5,28,172.8
1859,6,28,165.2
1859,7,28,180.7
1859,8,28,203
1859,9,28,200.9
1859,10,28,217.8
1859,11,28,184.6
1859,12,29,153.9
1860,1,28,156.6
1860,2,27,167.9
1860,3,28,188
1860,4,28,135.7
1860,5,28,203.5
1860,6,28,206.3
1860,7,28,221.9
1860,8,28,190.5
1860,9,28,175.2
1860,10,28,171.1
1860,11,27,186
1860,12,28,181.7
1861,1,28,118.5
1861,2,26,147.5
1861,3,28,192
1861,4,27,187.1
1861,5,28,107.8
1861,6,27,167.5
1861,7,28,148.2
1861,8,28,156.7
1861,9,27,151.9
1861,10,28,127.7
1861,11,27,102
1861,12,28,152.8
1862,1,28,119.9
1862,2,26,122.4
1862,3,28,82.7
1862,4,28,102.1
1862,5,28,122.4
1862,6,28,159.7
1862,7,28,139.5
1862,8,28,118.7
1862,9,28,126.4
1862,10,28,79.8
1862,11,28,96
1862,12,28,77.6
1863,1,28,91.8
1863,2,27,107.7
1863,3,28,126
1863,4,28,77.1
1863,5,28,102.1
1863,6,28,77.6
1863,7,28,62
1863,8,28,91.3
1863,9,28,41.7
1863,10,28,75.7
1863,11,28,71.6
1863,12,29,78.1
1864,1,28,109.7
1864,2,27,89.5
1864,3,28,125.9
1864,4,28,68.1
1864,5,28,77.1
1864,6,28,109.9
1864,7,28,103.8
1864,8,28,104.1
1864,9,28,54.2
1864,10,28,64.4
1864,11,27,109.3
1864,12,28,54.3
1865,1,28,92.5
1865,2,26,74.6
1865,3,28,75
1865,4,27,55.9
1865,5,28,65.6
1865,6,27,63.8
1865,7,28,50.8
1865,8,28,71.8
1865,9,27,41
1865,10,28,32.5
1865,11,27,46.7
1865,12,28,24.3
1866,1,28,60
1866,2,26,72.9
1866,3,28,46.6
1866,4,28,33.5
1866,5,28,24.6
1866,6,28,31.4
1866,7,28,17.6
1866,8,28,24.2
1866,9,28,13.9
1866,10,28,26.8
1866,11,28,17.2
1866,12,28,2.9
1867,1,28,0
1867,2,27,1.4
1867,3,28,17.4
1867,4,28,9.7
1867,5,28,5.5
1867,6,28,2.8
1867,7,28,9.5
1867,8,28,9.1
1867,9,28,18.7
1867,10,28,25.5
1867,11,28,18.1
1867,12,29,47.9
1868,1,28,25.9
1868,2,27,26.3
1868,3,28,44
1868,4,28,61.1
1868,5,28,44.5
1868,6,28,51.8
1868,7,28,48.3
1868,8,28,57.3
1868,9,28,78.7
1868,10,28,102.8
1868,11,27,98.7
1868,12,28,112.8
1869,1,28,101.6
1869,2,26,99.9
1869,3,28,88
1869,4,27,68.4
1869,5,28,173.4
1869,6,27,180.7
1869,7,28,98.8
1869,8,28,132.7
1869,9,27,134.5
1869,10,28,99
1869,11,27,130.2
1869,12,28,174.1
1870,1,28,129
1870,2,26,191.7
1870,3,28,262.7
1870,4,28,266.9
1870,5,28,293.6
1870,6,28,226.3
1870,7,28,220.9
1870,8,28,256.5
1870,9,28,226.8
1870,10,28,244.3
1870,11,28,246
1870,12,28,216.7
1871,1,28,147.2
1871,2,27,209
1871,3,28,238.7
1871,4,28,270.9
1871,5,28,242.6
1871,6,28,152.9
1871,7,28,171.8
1871,8,28,183.7
1871,9,28,133.9
1871,10,28,148.5
1871,11,28,175.7
1871,12,29,150.8
1872,1,28,132.7
1872,2,27,200.3
1872,3,28,147.5
1872,4,28,170.4
1872,5,28,179.5
1872,6,28,183.3
1872,7,28,176
1872,8,28,155
1872,9,28,191.1
1872,10,28,171.2
1872,11,27,186.8
1872,12,28,139.9
1873,1,28,144.6
1873,2,26,178.4
1873,3,28,164
1873,4,27,127.1
1873,5,28,80
1873,6,27,74.8
1873,7,28,111.7
1873,8,28,113.8
1873,9,27,78.7
1873,10,28,78.6
1873,11,27,92.5
1873,12,28,82
1874,1,28,101.4
1874,2,26,107.1
1874,3,28,77.5
1874,4,28,53.5
1874,5,28,74.6
1874,6,28,63.8
1874,7,28,113.2
1874,8,28,102.3
1874,9,28,46.8
1874,10,28,57.4
1874,11,28,48.2
1874,12,28,48.8
1875,1,28,24.4
1875,2,27,35.9
1875,3,28,56.4
1875,4,28,48.6
1875,5,28,19.2
1875,6,28,39.9
1875,7,28,20.9
1875,8,28,24.4
1875,9,28,4
1875,10,28,21.3
1875,11,28,29.6
1875,12,29,16.5
1876,1,28,23.9
1876,2,27,25.1
1876,3,28,51.1
1876,4,28,3.9
1876,5,28,8.5
1876,6,28,2.7
1876,7,28,25.5
1876,8,28,14.8
1876,9,28,16.6
1876,10,28,23.9
1876,11,27,16.6
1876,12,28,13.6
1877,1,28,40.6
1877,2,26,14.5
1877,3,28,19.9
1877,4,27,26.3
1877,5,28,36.1
1877,6,27,23.6
1877,7,28,10
1877,8,28,10.5
1877,9,27,28.1
1877,10,28,11.2
1877,11,27,23.6
1877,12,28,3.5
1878,1,28,5.5
1878,2,26,11
1878,3,28,13.1
1878,4,28,0.2
1878,5,28,9.9
1878,6,28,10.7
1878,7,28,0.2
1878,8,28,0
1878,9,28,8.8
1878,10,28,1.9
1878,11,28,6.8
1878,12,28,0.9
1879,1,28,1.6
1879,2,27,0.9
1879,3,28,0
1879,4,28,10.4
1879,5,28,4
1879,6,28,8
1879,7,28,12.6
1879,8,28,17.9
1879,9,28,10.1
1879,10,28,20.4
1879,11,28,21.9
1879,12,29,12.2
1880,1,28,40.1
1880,2,27,45.4
1880,3,28,32.1
1880,4,28,32.4
1880,5,28,39.1
1880,6,28,56.9
1880,7,28,36.5
1880,8,28,80.3
1880,9,28,110.1
1880,10,28,71.7
1880,11,27,51.1
1880,12,28,49.4
1881,1,28,60.6
1881,2,26,88.6
1881,3,28,85.8
1881,4,27,86.1
1881,5,28,72.5
1881,6,27,100.8
1881,7,28,128.2
1881,8,28,97.3
1881,9,27,88.6
1881,10,28,107.3
1881,11,27,91.5
1881,12,28,78.8
1882,1,28,75
1882,2,26,115.9
1882,3,28,111.5
1882,4,28,159.6
1882,5,28,106.9
1882,6,28,75.4
1882,7,28,75.7
1882,8,28,67.5
1882,9,28,96.1
1882,10,28,98.6
1882,11,28,140.6
1882,12,28,69.7
1883,1,28,101
1883,2,27,78.2
1883,3,28,71.3
1883,4,28,136.8
1883,5,28,52.5
1883,6,28,127.2
1883,7,28,134.4
1883,8,28,76.6
1883,9,28,87.8
1883,10,28,139.6
1883,11,28,140.8
1883,12,29,126.5
1884,1,28,152.6
1884,2,27,144.8
1884,3,28,145.8
1884,4,28,126.9
1884,5,28,110.9
1884,6,28,85.3
1884,7,28,88.5
1884,8,28,93.1
1884,9,28,103.1
1884,10,28,79.6
1884,11,27,60.9
1884,12,28,78.6
1885,1,28,71.4
1885,2,26,119.7
1885,3,28,82.9
1885,4,27,91.7
1885,5,28,121.6
1885,6,27,139.5
1885,7,28,110.9
1885,8,28,83.5
1885,9,27,66
1885,10,28,64.5
1885,11,27,51.6
1885,12,28,36.3
1886,1,28,49.8
1886,2,26,43.2
1886,3,28,95.5
1886,4,28,72.9
1886,5,28,51.2
1886,6,28,45.3
1886,7,28,50.4
1886,8,28,28.1
1886,9,28,35.7
1886,10,28,14.4
1886,11,28,0.6
1886,12,28,21.7
1887,1,28,17
1887,2,27,22
1887,3,28,7.1
1887,4,28,11.6
1887,5,28,33.4
1887,6,28,26.1
1887,7,28,38.9
1887,8,28,35.7
1887,9,28,12.4
1887,10,28,11
1887,11,28,11.5
1887,12,29,34.5
1888,1,28,21.2
1888,2,27,11.8
1888,3,28,13.1
1888,4,28,8.5
1888,5,28,11.7
1888,6,28,11.8
1888,7,28,5
1888,8,28,4.6
1888,9,28,14.6
1888,10,28,3.4
1888,11,27,17.9
1888,12,28,11.1
1889,1,28,1.3
1889,2,26,14.2
1889,3,28,11.1
1889,4,27,7.3
1889,5,28,4
1889,6,27,10.8
1889,7,28,15.8
1889,8,28,34.3
1889,9,27,10.9
1889,10,28,3.4
1889,11,27,0.3
1889,12,28,11.2
1890,1,28,8.8
1890,2,26,1.1
1890,3,28,8.5
1890,4,28,2.7
1890,5,28,7.9
1890,6,28,2.2
1890,7,28,19.3
1890,8,28,14.2
1890,9,28,28.6
1890,10,28,18.6
1890,11,28,15.9
1890,12,28,13.1
1891,1,28,22.5
1891,2,27,36.9
1891,3,28,17.2
1891,4,28,34.2
1891,5,28,68.5
1891,6,28,80.4
1891,7,28,98
1891,8,28,55.1
1891,9,28,89.7
1891,10,28,86
1891,11,28,69.8
1891,12,29,54.3
1892,1,28,115.2
1892,2,27,126.1
1892,3,28,83.3
1892,4,28,116
1892,5,28,132.7
1892,6,28,127.3
1892,7,28,127.6
1892,8,28,169
1892,9,28,104.7
1892,10,28,117.5
1892,11,27,108.9
1892,12,28,131
1893,1,28,125
1893,2,26,121.6
1893,3,28,109.5
1893,4,27,146.8
1893,5,28,141.3
1893,6,27,149.8
1893,7,28,147.6
1893,8,28,215.4
1893,9,27,129.9
1893,10,28,133.3
1893,11,27,125.2
1893,12,28,156.4
1894,1,28,138.6
1894,2,26,141
1894,3,28,87.1
1894,4,28,136
1894,5,28,168.7
1894,6,28,164.8
1894,7,28,176.7
1894,8,28,117.1
1894,9,28,110
1894,10,28,125.7
1894,11,28,94.3
1894,12,28,100.1
1895,1,28,105.4
1895,2,27,112
1895,3,28,101.6
1895,4,28,128.2
1895,5,28,112.5
1895,6,28,119.1
1895,7,28,79.7
1895,8,28,114.9
1895,9,28,96.1
1895,10,28,113.2
1895,11,28,78.6
1895,12,29,117.9
1896,1,28,48.4
1896,2,27,95.7
1896,3,28,86.5
1896,4,28,73
1896,5,28,46.1
1896,6,28,81.7
1896,7,28,75.2
1896,8,28,45.4
1896,9,28,102.2
1896,10,28,47.9
1896,11,27,63.3
1896,12,28,71
1897,1,28,67.6
1897,2,26,49
1897,3,28,48.7
1897,4,27,51.7
1897,5,28,33.3
1897,6,27,18.9
1897,7,28,46.1
1897,8,28,36.4
1897,9,27,80.4
1897,10,28,23.9
1897,11,27,14
1897,12,28,55.5
1898,1,28,50.4
1898,2,26,60.7
1898,3,28,63.9
1898,4,28,24.2
1898,5,28,43
1898,6,28,37.1
1898,7,28,15
1898,8,28,52.3
1898,9,28,58.1
1898,10,28,57.1
1898,11,28,51.6
1898,12,28,21.1
1899,1,28,32.4
1899,2,27,15.3
1899,3,28,30.3
1899,4,28,23.6
1899,5,28,12.9
1899,6,28,34.1
1899,7,28,22.5
1899,8,28,4.9
1899,9,28,14
1899,10,28,21.7
1899,11,28,13
1899,12,29,17.6
1900,1,28,15.7
1900,2,27,22.8
1900,3,29,14.4
1900,4,28,26.8
1900,5,29,25.3
1900,6,28,20.1
1900,7,29,13.9
1900,8,29,7.1
1900,9,28,13.9
1900,10,29,21.6
1900,11,28,7.5
1900,12,29,0.5
1901,1,29,0.4
1901,2,27,4
1901,3,29,7.4
1901,4,28,0
1901,5,29,17
1901,6,28,9.7
1901,7,29,1.2
1901,8,29,1.7
1901,9,28,0.9
1901,10,29,6.3
1901,11,28,6.4
1901,12,29,0
1902,1,29,9.3
1902,2,27,0
1902,3,29,20.7
1902,4,29,0
1902,5,29,4.7
1902,6,29,2.4
1902,7,29,1.5
1902,8,29,3.8
1902,9,29,12.6
1902,10,29,27.2
1902,11,29,17.2
1902,12,29,1.8
1903,1,29,13.9
1903,2,28,28.4
1903,3,29,22.5
1903,4,29,43.5
1903,5,29,24.3
1903,6,29,27.2
1903,7,29,46.4
1903,8,29,48
1903,9,29,18.5
1903,10,29,64.8
1903,11,29,74.2
1903,12,30,76.2
1904,1,29,52.6
1904,2,28,40.8
1904,3,29,61.9
1904,4,29,71.6
1904,5,29,65.7
1904,6,29,69.8
1904,7,29,84.3
1904,8,29,97.1
1904,9,29,50.2
1904,10,29,90.4
1904,11,28,63.4
1904,12,29,91.1
1905,1,29,91.2
1905,2,27,143
1905,3,29,94.3
1905,4,28,65.5
1905,5,29,79.9
1905,6,28,81.6
1905,7,29,121.6
1905,8,29,98.1
1905,9,28,91.8
1905,10,29,131.2
1905,11,28,178.7
1905,12,29,92.5
1906,1,29,75.8
1906,2,27,52.3
1906,3,29,107.4
1906,4,29,92.2
1906,5,29,96.2
1906,6,29,105.3
1906,7,29,172.7
1906,8,29,79.6
1906,9,29,93.5
1906,10,29,29.7
1906,11,29,64.8
1906,12,29,108
1907,1,29,127.4
1907,2,28,180.3
1907,3,29,101.1
1907,4,29,87.6
1907,5,29,71.4
1907,6,29,67.2
1907,7,29,82.9
1907,8,29,90.5
1907,9,29,141.7
1907,10,29,109.1
1907,11,29,102.5
1907,12,30,78.9
1908,1,29,65.4
1908,2,28,56.6
1908,3,29,47.9
1908,4,29,96.1
1908,5,29,68
1908,6,29,80.2
1908,7,29,65.8
1908,8,29,150.9
1908,9,29,144.9
1908,10,29,53.9
1908,11,28,75.9
1908,12,29,65.9
1909,1,29,94.6
1909,2,27,77.6
1909,3,29,110.5
1909,4,28,53.7
1909,5,29,60
1909,6,28,37.8
1909,7,29,59.6
1909,8,29,38.5
1909,9,28,64.7
1909,10,29,97.4
1909,11,28,93
1909,12,29,90.2
1910,1,29,44
1910,2,27,52.5
1910,3,29,35.7
1910,4,29,14.1
1910,5,29,36.9
1910,6,29,20.5
1910,7,29,23.5
1910,8,29,19.3
1910,9,29,43.7
1910,10,29,63.9
1910,11,29,8.3
1910,12,29,9.6
1911,1,29,5.6
1911,2,28,15
1911,3,29,13
1911,4,29,27.6
1911,5,29,15.1
1911,6,29,3.7
1911,7,29,5.9
1911,8,29,6.7
1911,9,29,6.7
1911,10,29,4.5
1911,11,29,7
1911,12,30,3.7
1912,1,29,0.4
1912,2,28,0
1912,3,29,8.2
1912,4,29,7.6
1912,5,29,7.4
1912,6,29,6.9
1912,7,29,4.9
1912,8,29,0.5
1912,9,29,15.9
1912,10,29,7.6
1912,11,28,1.9
1912,12,29,10.6
1913,1,29,3.8
1913,2,27,4.8
1913,3,29,0.8
1913,4,28,1.6
1913,5,29,0
1913,6,28,0
1913,7,29,2.9
1913,8,29,0.4
1913,9,28,2
1913,10,29,5.2
1913,11,28,1.2
1913,12,29,6.3
1914,1,29,4.7
1914,2,27,4.4
1914,3,29,5.3
1914,4,29,28.9
1914,5,29,8.7
1914,6,29,19.1
1914,7,29,9.1
1914,8,29,12.9
1914,9,29,21.2
1914,10,29,13.7
1914,11,29,27.3
1914,12,29,37.3
1915,1,29,38.5
1915,2,28,70.4
1915,3,29,64.8
1915,4,29,68.9
1915,5,29,55.1
1915,6,29,114.7
1915,7,29,119.4
1915,8,29,116
1915,9,29,82.4
1915,10,29,89.1
1915,11,29,70.9
1915,12,30,57.5
1916,1,29,75.5
1916,2,28,92.4
1916,3,29,111.7
1916,4,29,119.8
1916,5,29,124
1916,6,29,112.9
1916,7,29,89.3
1916,8,29,58.6
1916,9,29,75.1
1916,10,29,84.5
1916,11,28,109.5
1916,12,29,88.3
1917,1,29,124.5
1917,2,27,119.9
1917,3,29,158
1917,4,28,124.6
1917,5,29,190.2
1917,6,28,191.4
1917,7,29,199.7
1917,8,29,257.7
1917,9,28,215.6
1917,10,29,120.3
1917,11,28,160.7
1917,12,29,215.5
1918,1,29,160
1918,2,27,108.7
1918,3,29,120.4
1918,4,29,134.1
1918,5,29,127.9
1918,6,29,99
1918,7,29,179.5
1918,8,29,169.6
1918,9,29,133.2
1918,10,29,141.7
1918,11,29,139
1918,12,29,98.5
1919,1,29,80.2
1919,2,28,132.5
1919,3,29,110.9
1919,4,29,86.3
1919,5,29,146.9
1919,6,29,185.3
1919,7,29,107.8
1919,8,29,115.1
1919,9,29,91.1
1919,10,29,88
1919,11,29,69.9
1919,12,30,58
1920,1,29,85.3
1920,2,28,89.8
1920,3,29,116.9
1920,4,29,24.7
1920,5,29,55.4
1920,6,29,64.6
1920,7,29,45.7
1920,8,29,31.9
1920,9,29,60.5
1920,10,29,82.7
1920,11,28,45.3
1920,12,29,49.8
1921,1,29,52.5
1921,2,27,47.1
1921,3,29,44.5
1921,4,28,54
1921,5,29,37
1921,6,28,56.2
1921,7,29,69.7
1921,8,29,38
1921,9,28,29.6
1921,10,29,30.3
1921,11,28,29.6
1921,12,29,33.9
1922,1,29,19.7
1922,2,27,43.9
1922,3,29,91.3
1922,4,29,18.3
1922,5,29,13.4
1922,6,29,9.8
1922,7,29,18.3
1922,8,29,10.9
1922,9,29,7.8
1922,10,29,10.4
1922,11,29,12.2
1922,12,29,29
1923,1,29,7.5
1923,2,28,2.5
1923,3,29,5.5
1923,4,29,10.2
1923,5,29,5.3
1923,6,29,15.3
1923,7,29,5.9
1923,8,29,0.8
1923,9,29,22.1
1923,10,29,19.5
1923,11,29,16.7
1923,12,30,4.6
1924,1,29,0.8
1924,2,28,8.5
1924,3,29,3
1924,4,29,18.9
1924,5,29,34.6
1924,6,29,40
1924,7,29,46.9
1924,8,29,32.1
1924,9,29,41.9
1924,10,29,42.6
1924,11,28,37.5
1924,12,29,27.5
1925,1,29,9.1
1925,2,27,38.6
1925,3,29,30
1925,4,28,53
1925,5,29,71.4
1925,6,28,79.1
1925,7,29,64.2
1925,8,29,63.3
1925,9,28,100.3
1925,10,29,115.3
1925,11,28,97.6
1925,12,29,164.4
1926,1,29,119.7
1926,2,27,116.4
1926,3,29,104.2
1926,4,29,64.2
1926,5,29,107
1926,6,29,122.4
1926,7,29,87.2
1926,8,29,102.7
1926,9,29,101.4
1926,10,29,119.3
1926,11,29,100.8
1926,12,29,132.4
1927,1,29,136
1927,2,28,155.1
1927,3,29,116.1
1927,4,29,155.8
1927,5,29,131.9
1927,6,29,98.5
1927,7,29,91.6
1927,8,29,89.6
1927,9,29,114.1
1927,10,29,105.2
1927,11,29,112.1
1927,12,30,75.3
1928,1,29,139.2
1928,2,28,122.4
1928,3,29,142.4
1928,4,29,134.3
1928,5,29,128.3
1928,6,29,152.4
1928,7,29,163.4
1928,8,29,139.6
1928,9,29,149.6
1928,10,29,102.3
1928,11,28,83.9
1928,12,29,98.3
1929,1,29,114.8
1929,2,27,104.7
1929,3,29,83.8
1929,4,28,87.9
1929,5,29,97
1929,6,28,119.9
1929,7,29,117.1
1929,8,29,109.6
1929,9,28,57.3
1929,10,29,90.1
1929,11,28,135.1
1929,12,29,179.9
1930,1,29,108.8
1930,2,27,83.1
1930,3,29,58.4
1930,4,29,63.7
1930,5,29,61.4
1930,6,29,48
1930,7,29,36.5
1930,8,29,41.5
1930,9,29,53.5
1930,10,29,57.2
1930,11,29,59.4
1930,12,29,43
1931,1,29,24.4
1931,2,28,71.8
1931,3,29,50.1
1931,4,29,52
1931,5,29,40.8
1931,6,29,25.5
1931,7,29,29
1931,8,29,21.6
1931,9,29,31.7
1931,10,29,16.6
1931,11,29,31.2
1931,12,30,29.7
1932,1,29,20.1
1932,2,28,17.6
1932,3,29,18.8
1932,4,29,18.7
1932,5,29,29.7
1932,6,29,36.9
1932,7,29,16
1932,8,29,11.3
1932,9,29,6.6
1932,10,29,14.8
1932,11,28,13.7
1932,12,29,18.5
1933,1,29,20.4
1933,2,27,36.9
1933,3,29,16.8
1933,4,28,4.9
1933,5,29,5.3
1933,6,28,8.7
1933,7,29,4.7
1933,8,29,0.4
1933,9,28,8.5
1933,10,29,5
1933,11,28,1
1933,12,29,0.4
1934,1,29,5.7
1934,2,27,12.9
1934,3,29,7.2
1934,4,29,18.8
1934,5,29,32.9
1934,6,29,11.2
1934,7,29,15.3
1934,8,29,13.9
1934,9,29,6.7
1934,10,29,9.5
1934,11,29,14.5
1934,12,29,25.7
1935,1,29,31.1
1935,2,28,34.1
1935,3,29,38.5
1935,4,29,20.4
1935,5,29,45.4
1935,6,29,76.2
1935,7,29,56.5
1935,8,29,50.2
1935,9,29,70.1
1935,10,29,88.7
1935,11,29,107
1935,12,30,102.5
1936,1,29,104.7
1936,2,28,123.9
1936,3,29,128.4
1936,4,29,124.8
1936,5,29,90.9
1936,6,29,116.7
1936,7,29,87.2
1936,8,29,145
1936,9,29,126.7
1936,10,29,148.2
1936,11,28,192.3
1936,12,29,205.6
1937,1,29,220.9
1937,2,27,214.1
1937,3,29,139.7
1937,4,28,182.2
1937,5,29,194.4
1937,6,28,217.1
1937,7,29,241.8
1937,8,29,229.5
1937,9,28,167.9
1937,10,29,208.2
1937,11,28,123.9
1937,12,29,147.9
1938,1,29,164
1938,2,27,198.6
1938,3,29,144.2
1938,4,29,168.4
1938,5,29,212.3
1938,6,29,162.6
1938,7,29,275.6
1938,8,29,192.8
1938,9,29,149.3
1938,10,29,165.3
1938,11,29,203.6
1938,12,29,154.7
1939,1,29,133.9
1939,2,28,129
1939,3,29,107.8
1939,4,29,181.9
1939,5,29,197.3
1939,6,29,168.3
1939,7,29,162.6
1939,8,29,176.3
1939,9,29,187.7
1939,10,29,146.9
1939,11,29,113.7
1939,12,30,70.2
1940,1,29,84.1
1940,2,28,99.1
1940,3,29,138.9
1940,4,29,101.1
1940,5,29,90.6
1940,6,29,139.8
1940,7,29,112.5
1940,8,29,175.9
1940,9,29,110.8
1940,10,29,91.5
1940,11,28,97.4
1940,12,29,113.8
1941,1,29,76.1
1941,2,27,74.3
1941,3,29,77.5
1941,4,28,54.6
1941,5,29,49
1941,6,28,99.6
1941,7,29,111.4
1941,8,29,100.1
1941,9,28,109.8
1941,10,29,77.2
1941,11,28,64
1941,12,29,56.2
1942,1,29,59.5
1942,2,27,87.9
1942,3,29,90.4
1942,4,29,101.2
1942,5,29,41.8
1942,6,29,18.9
1942,7,29,29.6
1942,8,29,33.7
1942,9,29,28.7
1942,10,29,32
1942,11,29,51.3
1942,12,29,37.6
1943,1,29,20.7
1943,2,28,48.1
1943,3,29,45.7
1943,4,29,43.5
1943,5,29,23.6
1943,6,29,12.7
1943,7,29,22
1943,8,29,32.3
1943,9,29,16.7
1943,10,29,13
1943,11,29,17
1943,12,30,31.4
1944,1,29,6.1
1944,2,28,0.8
1944,3,29,18.3
1944,4,29,0.4
1944,5,29,4.1
1944,6,29,8.2
1944,7,29,8.5
1944,8,29,27.9
1944,9,29,23.7
1944,10,29,28.1
1944,11,28,17.9
1944,12,29,47.4
1945,1,29,30.8
1945,2,27,21.2
1945,3,29,35.9
1945,4,28,53.4
1945,5,29,51
1945,6,28,60.2
1945,7,29,71
1945,8,29,43.1
1945,9,28,58.1
1945,10,29,114.5
1945,11,28,76.6
1945,12,29,45.7
1946,1,29,79.3
1946,2,27,143.8
1946,3,29,127.7
1946,4,29,126.1
1946,5,29,141.6
1946,6,29,122.6
1946,7,29,193.7
1946,8,29,178.7
1946,9,29,157.4
1946,10,29,170.5
1946,11,29,206.3
1946,12,29,202.9
1947,1,29,163.7
1947,2,28,188.9
1947,3,29,183.8
1947,4,29,212.1
1947,5,29,285
1947,6,29,232.1
1947,7,29,223.5
1947,8,29,267.4
1947,9,29,239.9
1947,10,29,231.7
1947,11,29,181.3
1947,12,30,164.9
1948,1,29,153.6
1948,2,28,122
1948,3,29,134.3
1948,4,29,268.5
1948,5,29,246.4
1948,6,29,237.5
1948,7,29,201.4
1948,8,29,223.7
1948,9,29,202.9
1948,10,29,192.9
1948,11,28,135.6
1948,12,29,195.3
1949,1,29,168.6
1949,2,27,258
1949,3,29,223
1949,4,28,208.1
1949,5,29,150.4
1949,6,28,172.4
1949,7,29,178.3
1949,8,29,175.3
1949,9,28,205.8
1949,10,29,186.3
1949,11,28,203.2
1949,12,29,166.6
1950,1,29,143.9
1950,2,27,134.3
1950,3,29,155.4
1950,4,29,160.6
1950,5,29,150.5
1950,6,29,118.3
1950,7,29,128.9
1950,8,29,120.6
1950,9,29,72.7
1950,10,29,87
1950,11,29,77.7
1950,12,29,76.7
1951,1,29,85
1951,2,28,84.8
1951,3,29,79.3
1951,4,29,131.7
1951,5,29,153.7
1951,6,29,142.4
1951,7,29,87.2
1951,8,29,86.5
1951,9,29,117.7
1951,10,29,73.3
1951,11,29,74.2
1951,12,30,65
1952,1,29,57.9
1952,2,28,32.4
1952,3,29,31.5
1952,4,29,41.7
1952,5,29,33.6
1952,6,29,52
1952,7,29,56.1
1952,8,29,77.8
1952,9,29,40.4
1952,10,29,34.2
1952,11,28,31.8
1952,12,29,48.9
1953,1,29,37.9
1953,2,27,5.9
1953,3,29,14.7
1953,4,28,39.6
1953,5,29,18.3
1953,6,28,31.5
1953,7,29,12.7
1953,8,29,33.6
1953,9,28,28
1953,10,29,12.3
1953,11,28,2.5
1953,12,29,3.9
1954,1,29,0.4
1954,2,27,0.8
1954,3,29,15.8
1954,4,29,2.7
1954,5,29,1.2
1954,6,29,0.4
1954,7,29,7.3
1954,8,29,12.6
1954,9,29,2.3
1954,10,29,10.5
1954,11,29,13.4
1954,12,29,11.3
1955,1,29,33.4
1955,2,28,29.9
1955,3,29,7.3
1955,4,29,16.4
1955,5,29,41.3
1955,6,29,45.2
1955,7,29,38.2
1955,8,29,58
1955,9,29,60.8
1955,10,29,83
1955,11,29,126.3
1955,12,30,108.8
1956,1,29,104.1
1956,2,28,175.6
1956,3,29,167.7
1956,4,29,156.7
1956,5,29,193.4
1956,6,29,165.1
1956,7,29,182.7
1956,8,29,240.2
1956,9,29,245.4
1956,10,29,219.9
1956,11,28,285
1956,12,29,272
1957,1,29,233.7
1957,2,27,184.5
1957,3,29,222.8
1957,4,28,248
1957,5,29,233
1957,6,28,284.3
1957,7,29,265.1
1957,8,29,223.7
1957,9,28,334
1957,10,29,359.4
1957,11,28,298.6
1957,12,29,339
1958,1,29,286.7
1958,2,27,233.6
1958,3,29,270
1958,4,29,277.6
1958,5,29,248.2
1958,6,29,242.9
1958,7,29,271
1958,8,29,283.5
1958,9,29,285.1
1958,10,29,256.9
1958,11,29,215.6
1958,12,29,265.7
1959,1,29,307.7
1959,2,28,202.6
1959,3,29,263
1959,4,29,231.3
1959,5,29,243.6
1959,6,29,238.9
1959,7,29,211.9
1959,8,29,282.6
1959,9,29,205.6
1959,10,29,157.7
1959,11,29,175.6
1959,12,30,177.1
1960,1,29,207.2
1960,2,28,149.9
1960,3,29,144.6
1960,4,29,172.7
1960,5,29,169.3
1960,6,29,156
1960,7,29,172.4
1960,8,29,190
1960,9,29,180.1
1960,10,29,117.3
1960,11,28,126.9
1960,12,29,121.2
1961,1,29,82.1
1961,2,27,65.4
1961,3,29,75.2
1961,4,28,86.9
1961,5,29,72.3
1961,6,28,109.5
1961,7,29,99.3
1961,8,29,79.2
1961,9,28,90.1
1961,10,29,53.7
1961,11,28,46.5
1961,12,29,56.9
1962,1,29,55.1
1962,2,27,71.7
1962,3,29,64.9
1962,4,29,65.9
1962,5,29,61.9
1962,6,29,59.6
1962,7,29,31.4
1962,8,29,31.5
1962,9,29,72.7
1962,10,29,56.1
1962,11,29,38.8
1962,12,29,33.2
1963,1,29,28.7
1963,2,28,35.2
1963,3,29,24.8
1963,4,29,41.7
1963,5,29,61.1
1963,6,29,51.2
1963,7,29,28.7
1963,8,29,47.5
1963,9,29,55.2
1963,10,29,50.1
1963,11,29,33.7
1963,12,30,21.6
1964,1,29,22.6
1964,2,28,25.3
1964,3,29,24.1
1964,4,29,12.9
1964,5,29,14.3
1964,6,29,13.5
1964,7,29,4.8
1964,8,29,13.8
1964,9,29,7
1964,10,29,9.2
1964,11,28,11.1
1964,12,29,22.1
1965,1,29,25.4
1965,2,27,20.8
1965,3,29,17.5
1965,4,28,10.2
1965,5,29,34.5
1965,6,28,23.3
1965,7,29,17.3
1965,8,29,13.3
1965,9,28,24.5
1965,10,29,29.1
1965,11,28,22.8
1965,12,29,24.7
1966,1,29,40.3
1966,2,27,35.3
1966,3,29,36.4
1966,4,29,69
1966,5,29,64.2
1966,6,29,67.7
1966,7,29,80.2
1966,8,29,72.6
1966,9,29,71.1
1966,10,29,81.2
1966,11,29,81
1966,12,29,99.8
1967,1,29,157
1967,2,28,132.6
1967,3,29,158.3
1967,4,29,98.4
1967,5,29,122.5
1967,6,29,95.4
1967,7,29,129.5
1967,8,29,151.8
1967,9,29,108.7
1967,10,29,125
1967,11,29,133.6
1967,12,30,179
1968,1,29,172.5
1968,2,28,158.5
1968,3,29,130.5
1968,4,29,115
1968,5,29,180
1968,6,29,156.2
1968,7,29,136.2
1968,8,29,154.8
1968,9,29,166
1968,10,29,152.5
1968,11,28,121.7
1968,12,29,155.5
1969,1,29,147.8
1969,2,27,170.5
1969,3,29,192.3
1969,4,28,151.1
1969,5,29,169.9
1969,6,28,150.1
1969,7,29,137.1
1969,8,29,138.8
1969,9,28,129.3
1969,10,29,135.4
1969,11,28,132.4
1969,12,29,138.6
1970,1,29,157.9
1970,2,27,180.8
1970,3,29,145.7
1970,4,29,155.1
1970,5,29,180.5
1970,6,29,151.3
1970,7,29,159.3
1970,8,29,131.7
1970,9,29,140.8
1970,10,29,122.6
1970,11,29,134.8
1970,12,29,118.2
1971,1,29,129.2
1971,2,28,111.8
1971,3,29,85.9
1971,4,29,101.6
1971,5,29,81.5
1971,6,29,70.7
1971,7,29,114.7
1971,8,29,87
1971,9,29,71.3
1971,10,29,73.4
1971,11,29,89.5
1971,12,30,116.5
1972,1,29,87
1972,2,28,125.3
1972,3,29,113.5
1972,4,29,89.6
1972,5,29,113.9
1972,6,29,124.7
1972,7,29,108.3
1972,8,29,108.9
1972,9,29,90.7
1972,10,29,86.9
1972,11,28,59.2
1972,12,29,64.3
1973,1,29,61.8
1973,2,27,60.9
1973,3,29,65.4
1973,4,28,81.8
1973,5,29,60.3
1973,6,28,56.1
1973,7,29,33.2
1973,8,29,36.6
1973,9,28,84.1
1973,10,29,43.7
1973,11,28,34.3
1973,12,29,33.3
1974,1,29,39.4
1974,2,27,37.3
1974,3,29,30.9
1974,4,29,57.5
1974,5,29,56.3
1974,6,29,51.5
1974,7,29,79.1
1974,8,29,47.9
1974,9,29,57.2
1974,10,29,67.2
1974,11,29,35.9
1974,12,29,29.6
1975,1,29,27.3
1975,2,28,16.7
1975,3,29,16.9
1975,4,29,7.7
1975,5,29,13.1
1975,6,29,16.7
1975,7,29,40.4
1975,8,29,56.7
1975,9,29,20.3
1975,10,29,13.6
1975,11,29,27.9
1975,12,30,11.6
1976,1,29,11.9
1976,2,28,6.4
1976,3,29,31.5
1976,4,29,27.3
1976,5,29,18.2
1976,6,29,17.9
1976,7,29,2.9
1976,8,29,24.1
1976,9,29,20
1976,10,29,29.7
1976,11,28,7.9
1976,12,29,22.3
1977,1,29,23.8
1977,2,27,33.3
1977,3,29,13
1977,4,28,19
1977,5,29,27
1977,6,28,54.9
1977,7,29,30.6
1977,8,29,43
1977,9,28,62.4
1977,10,29,62.1
1977,11,28,41.6
1977,12,29,61.4
1978,1,29,73.7
1978,2,27,132.6
1978,3,29,108.4
1978,4,29,141.2
1978,5,29,117.1
1978,6,29,134.6
1978,7,29,99.7
1978,8,29,82.4
1978,9,29,195.7
1978,10,29,177.1
1978,11,29,138.5
1978,12,29,173.9
1979,1,29,235.9
1979,2,28,194.7
1979,3,29,195.3
1979,4,29,143.7
1979,5,29,190.3
1979,6,29,211.7
1979,7,29,225.7
1979,8,29,201.4
1979,9,29,266.9
1979,10,29,263.6
1979,11,29,259.5
1979,12,30,249.6
1980,1,29,226.1
1980,2,28,219.4
1980,3,29,178.7
1980,4,29,232.2
1980,5,29,254.7
1980,6,29,222.7
1980,7,29,192.9
1980,8,29,191.7
1980,9,29,219.6
1980,10,29,233.3
1980,11,28,209.5
1980,12,29,246.9
1981,1,29,156.6
1981,2,27,189.9
1981,3,29,196.6
1981,4,28,225.3
1981,5,29,194.7
1981,6,28,131.6
1981,7,29,205.3
1981,8,29,242.5
1981,9,28,245.3
1981,10,29,216.2
1981,11,28,186
1981,12,29,195.4
1982,1,29,149.8
1982,2,27,230.9
1982,3,29,221.1
1982,4,29,170.3
1982,5,29,119.3
1982,6,29,163.7
1982,7,29,139.4
1982,8,29,161.9
1982,9,29,167.4
1982,10,29,134.3
1982,11,29,127.5
1982,12,29,169
1983,1,29,115.5
1983,2,28,73.1
1983,3,29,88.7
1983,4,29,109.6
1983,5,29,132.5
1983,6,29,131.5
1983,7,29,108.9
1983,8,29,96
1983,9,29,69.9
1983,10,29,72.5
1983,11,29,45.7
1983,12,30,45.6
1984,1,29,74.8
1984,2,28,110.2
1984,3,29,116.7
1984,4,29,90.4
1984,5,29,96.9
1984,6,29,65.1
1984,7,29,55.7
1984,8,29,35
1984,9,29,22.6
1984,10,29,12.6
1984,11,28,26.5
1984,12,29,21.4
1985,1,29,17.8
1985,2,27,20.7
1985,3,29,16.9
1985,4,28,20.4
1985,5,29,32.4
1985,6,28,28.3
1985,7,29,39.9
1985,8,29,10.1
1985,9,28,4.3
1985,10,29,22
1985,11,28,17.9
1985,12,29,15.8
1986,1,29,2.8
1986,2,27,27.9
1986,3,29,13.8
1986,4,29,22.4
1986,5,29,16.1
1986,6,29,0.6
1986,7,29,18.1
1986,8,29,9.9
1986,9,29,5.1
1986,10,29,40.1
1986,11,29,15.4
1986,12,29,5.8
1987,1,29,9.8
1987,2,28,3.4
1987,3,29,17.4
1987,4,29,46
1987,5,29,39.1
1987,6,29,18.8
1987,7,29,38.2
1987,8,29,47.9
1987,9,29,42.2
1987,10,29,63.4
1987,11,29,48.8
1987,12,30,29.1
1988,1,29,70.5
1988,2,28,45.4
1988,3,29,91.2
1988,4,29,108.8
1988,5,29,74.2
1988,6,29,124.3
1988,7,29,131.4
1988,8,29,139.4
1988,9,29,142.7
1988,10,29,156.5
1988,11,28,156.8
1988,12,29,231.2
1989,1,29,210.1
1989,2,27,208.7
1989,3,29,170.4
1989,4,28,166.3
1989,5,29,195.4
1989,6,28,284.5
1989,7,29,180.5
1989,8,29,232
1989,9,28,225.1
1989,10,29,212.2
1989,11,28,238.2
1989,12,29,211.4
1990,1,29,227.4
1990,2,27,171.8
1990,3,29,191.7
1990,4,29,189.7
1990,5,29,175.2
1990,6,29,153.3
1990,7,29,191.1
1990,8,29,252.1
1990,9,29,169.1
1990,10,29,199.4
1990,11,29,178.8
1990,12,29,197.1
1991,1,29,195.3
1991,2,28,240.3
1991,3,29,197
1991,4,29,197.6
1991,5,29,166.9
1991,6,29,224.7
1991,7,29,240.2
1991,8,29,240.8
1991,9,29,168.9
1991,10,29,197.1
1991,11,29,159.5
1991,12,30,212.6
1992,1,29,198.3
1992,2,28,230.7
1992,3,29,151
1992,4,29,142.2
1992,5,29,94.3
1992,6,29,98.5
1992,7,29,114.2
1992,8,29,91.9
1992,9,29,94
1992,10,29,133.4
1992,11,28,129.6
1992,12,29,122
1993,1,29,81.4
1993,2,27,127.8
1993,3,29,102.4
1993,4,28,94.4
1993,5,29,78.8
1993,6,28,69.6
1993,7,29,80.4
1993,8,29,62.5
1993,9,28,31.2
1993,10,29,71.1
1993,11,28,48.2
1993,12,29,68.4
1994,1,29,84.9
1994,2,27,54.9
1994,3,29,47.5
1994,4,29,27.4
1994,5,29,29.8
1994,6,29,39.7
1994,7,29,50.6
1994,8,29,34.3
1994,9,29,40.5
1994,10,29,67.1
1994,11,29,29.5
1994,12,29,32.2
1995,1,29,32.6
1995,2,28,45.8
1995,3,29,46.3
1995,4,29,21.6
1995,5,29,19.4
1995,6,29,22.5
1995,7,29,20.4
1995,8,29,18.2
1995,9,29,15.7
1995,10,29,30.6
1995,11,29,14
1995,12,30,14.9
1996,1,29,13.3
1996,2,28,7.7
1996,3,29,12.6
1996,4,29,6.8
1996,5,29,7.6
1996,6,29,16.5
1996,7,29,11.8
1996,8,29,19.7
1996,9,29,3
1996,10,29,0.7
1996,11,28,24.9
1996,12,29,14
1997,1,29,7.4
1997,2,27,11
1997,3,29,12.1
1997,4,28,23
1997,5,29,25.4
1997,6,28,20.8
1997,7,29,12.9
1997,8,29,35.7
1997,9,28,59.7
1997,10,29,32.8
1997,11,28,50.4
1997,12,29,55.5
1998,1,29,44.5
1998,2,27,50.2
1998,3,29,82
1998,4,29,70.6
1998,5,29,74
1998,6,29,90.5
1998,7,29,96.7
1998,8,29,121.1
1998,9,29,132
1998,10,29,78.5
1998,11,29,97.3
1998,12,29,119.2
1999,1,29,86
1999,2,28,98
1999,3,29,103.5
1999,4,29,93.6
1999,5,29,149.6
1999,6,29,207.2
1999,7,29,173.5
1999,8,29,142.3
1999,9,29,106.3
1999,10,29,168.7
1999,11,29,188.3
1999,12,30,116.8
2000,1,29,133.1
2000,2,28,165.7
2000,3,30,217.7
2000,4,30,191.5
2000,5,30,165.9
2000,6,30,188
2000,7,30,244.3
2000,8,30,180.5
2000,9,30,156
2000,10,30,141.6
2000,11,29,158.1
2000,12,30,143.3
2001,1,30,142.6
2001,2,28,121.5
2001,3,30,165.8
2001,4,29,161.7
2001,5,30,142.1
2001,6,29,202.9
2001,7,30,123
2001,8,30,161.5
2001,9,29,238.2
2001,10,30,194.1
2001,11,29,176.6
2001,12,30,213.4
2002,1,30,184.6
2002,2,28,170.2
2002,3,30,147.1
2002,4,30,186.9
2002,5,30,187.5
2002,6,30,128.8
2002,7,30,161
2002,8,30,175.6
2002,9,30,187.9
2002,10,30,151.2
2002,11,30,147.2
2002,12,30,135.3
2003,1,30,133.5
2003,2,1,75.7
2003,3,30,100.7
2003,4,30,97.9
2003,5,30,86.8
2003,6,30,118.7
2003,7,30,128.3
2003,8,30,115.4
2003,9,30,78.5
2003,10,30,97.8
2003,11,30,82.9
2003,12,31,72.2
2004,1,30,60.6
2004,2,29,74.6
2004,3,30,74.8
2004,4,30,59.2
2004,5,30,72.8
2004,6,30,66.5
2004,7,30,83.8
2004,8,30,69.7
2004,9,30,48.8
2004,10,30,74.2
2004,11,29,70.1
2004,12,30,28.9
2005,1,30,48.1
2005,2,28,43.5
2005,3,30,39.6
2005,4,29,38.7
2005,5,30,61.9
2005,6,29,56.8
2005,7,30,62.4
2005,8,30,60.5
2005,9,29,37.2
2005,10,30,13.2
2005,11,29,27.5
2005,12,30,59.3
2006,1,30,20.9
2006,2,28,5.7
2006,3,30,17.3
2006,4,30,50.3
2006,5,30,37.2
2006,6,30,24.5
2006,7,30,22.2
2006,8,30,20.8
2006,9,30,23.7
2006,10,30,14.9
2006,11,30,35.7
2006,12,30,22.3
2007,1,30,29.3
2007,2,1,18.4
2007,3,30,7.2
2007,4,30,5.4
2007,5,30,19.5
2007,6,30,21.3
2007,7,30,15.1
2007,8,30,9.8
2007,9,30,4
2007,10,30,1.5
2007,11,30,2.8
2007,12,31,17.3
2008,1,30,4.1
2008,2,29,2.9
2008,3,30,15.5
2008,4,30,3.6
2008,5,30,4.6
2008,6,30,5.2
2008,7,30,0.6
2008,8,30,0.3
2008,9,30,1.2
2008,10,30,4.2
2008,11,29,6.6
2008,12,30,1
2009,1,30,1.3
2009,2,28,1.2
2009,3,30,0.6
2009,4,29,1.2
2009,5,30,2.9
2009,6,29,6.3
2009,7,30,5.5
2009,8,30,0
2009,9,29,7.1
2009,10,30,7.7
2009,11,29,6.9
2009,12,30,16.3
2010,1,30,19.5
2010,2,28,28.5
2010,3,30,24
2010,4,30,10.4
2010,5,30,13.9
2010,6,30,18.8
2010,7,30,25.2
2010,8,30,29.6
2010,9,30,36.4
2010,10,30,33.6
2010,11,30,34.4
2010,12,30,24.5
2011,1,30,27.3
2011,2,1,48.3
2011,3,30,78.6
2011,4,30,76.1
2011,5,30,58.2
2011,6,30,56.1
2011,7,30,64.5
2011,8,30,65.8
2011,9,30,120.1
2011,10,30,125.7
2011,11,30,139.1
2011,12,31,109.3
2012,1,30,94.4
2012,2,29,47.8
2012,3,30,86.6
2012,4,30,85.9
2012,5,30,96.5
2012,6,30,92
2012,7,30,100.1
2012,8,30,94.8
2012,9,30,93.7
2012,10,30,76.5
2012,11,29,87.6
2012,12,30,56.8
2013,1,30,96.1
2013,2,28,60.9
2013,3,30,78.3
2013,4,29,107.3
2013,5,30,120.2
2013,6,29,76.7
2013,7,30,86.2
2013,8,30,91.8
2013,9,29,54.5
2013,10,30,114.4
2013,11,29,113.9
2013,12,30,124.2
2014,1,30,117
2014,2,28,146.1
2014,3,30,128.7
2014,4,30,112.5
2014,5,30,112.5
2014,6,30,102.9
2014,7,30,100.2
2014,8,30,106.9
2014,9,30,130
2014,10,30,90
2014,11,30,103.6
2014,12,30,112.9
2015,1,30,93
2015,2,1,66.7
2015,3,30,54.5
2015,4,30,75.3
2015,5,30,88.8
2015,6,30,66.5
2015,7,30,65.8
2015,8,30,64.4
2015,9,30,78.6
2015,10,30,63.6
2015,11,30,62.2
2015,12,31,58
2016,1,30,57
2016,2,29,56.4
2016,3,30,54.1
2016,4,29,37.9
2016,5,30,51.5
2016,6,29,20.5
2016,7,30,32.4
2016,8,30,50.2
2016,9,29,44.6
2016,10,30,33.4
2016,11,29,21.4
2016,12,30,18.5
2017,1,30,26.1
2017,2,28,26.4
2017,3,30,17.7
2017,4,29,32.3
2017,5,30,18.9
2017,6,29,19.2
2017,7,30,17.8
2017,8,30,32.6
2017,9,29,43.7
2017,10,30,13.2
2017,11,29,5.7
2017,12,30,8.2
2018,1,30,6.8
2018,2,28,10.7
2018,3,30,2.5
2018,4,29,8.9
2018,5,30,13.1
2018,6,29,15.6
2018,7,30,1.6
2018,8,30,8.7
2018,9,29,3.3
2018,10,30,4.9
2018,11,29,4.9
2018,12,30,3.1
2019,1,30,7.7
2019,2,28,0.8
2019,3,30,9.4
2019,4,29,9.1
2019,5,30,9.9
2019,6,29,1.2
2019,7,30,0.9
2019,8,30,0.5
2019,9,29,1.1
2019,10,30,0.4
2019,11,30,0.5
2019,12,31,1.5
2020,1,30,6.2
2020,2,29,0.2
2020,3,30,1.5
2020,4,29,5.2
2020,5,30,0.2
2020,6,29,5.8
2020,7,30,6.1
2020,8,30,7.5
2020,9,29,0.6
2020,10,30,14.6
2020,11,29,34.5
2020,12,30,23.1
2021,1,30,10.4
2021,2,28,8.2
2021,3,30,17.2
2021,4,29,24.5
2021,5,30,21.2
2021,6,29,25
2021,7,30,34.3
2021,8,30,22
2021,9,29,51.3
2021,10,30,37.4
2021,11,29,34.8
2021,12,30,67.5
2022,1,30,55.3
2022,2,28,60.9
2022,3,30,78.6
2022,4,29,84
2022,5,30,96.5
2022,6,29,70.3
2022,7,30,91.4
2022,8,30,74.6
2022,9,29,96
2022,10,30,95.5
2022,11,29,80.5
2022,12,30,112.8
2023,1,30,143.6
2023,2,28,110.9
2023,3,30,122.6
2023,4,29,96.4
2023,5,30,137.9
